epoch,learning_rate,train_loss,train_weighted_heatmap_loss,train_unweighted_mse,train_coord_loss,grad_norm,val_loss,val_weighted_heatmap_loss,val_unweighted_mse,val_coord_loss,mean_centroid_dist_non_bg,mean_centroid_dist_electrodes,mean_centroid_dist_anatomy,landmark_accuracy_within_5vox_non_bg,landmark_accuracy_within_10vox_non_bg,landmark_accuracy_within_15vox_non_bg,landmark_accuracy_within_10vox_electrodes,landmark_accuracy_within_15vox_electrodes
1,0.001,0.7430127859115601,0.5167178213596344,0.2531268745660782,2.262949526309967,4.4607462882995605,0.5854693055152893,0.483948290348053,0.2342638224363327,1.0152100324630737,8.062257766723633,8.062257766723633,,0.0,1.0,1.0,1.0,1.0
2,0.001,0.6176890432834625,0.4773713946342468,0.22887449711561203,1.403176486492157,2.6577844619750977,0.6001511216163635,0.41822099685668945,0.2105051577091217,1.8193013668060303,7.280109882354736,7.280109882354736,,0.0,1.0,1.0,1.0,1.0
